[{"title_en":"882 million francs for research","title_de":"882 Millionen Franken für die Forschung","title_fr":"882 millions de francs pour la recherche","author":"Daniel Schnyder;Julius Mattern","datastory_category":"standard","publication_date":"2022-02-10 01:00:00","languages":"en;de;fr","short_desc_en":"Initial preliminary figures on SNSF funding in 2021: We invested 882 million francs in new projects, fellowships and publications.","short_desc_de":"Erste vorläufige Zahlen zur SNF-Förderung im Jahr 2021: Wir haben 882 Millionen Franken in neue Projekte, Stipendien und Publikationen investiert.","short_desc_fr":"Premiers chiffres provisoires concernant le soutien financier du FNS en 2021 : nous avons investi 882 millions de francs dans de nouveaux projets, des bourses et des publications.","tags":"T230T,T220T","author_url":"datastories@snf.ch;datastories@snf.ch","top_story":false,"github_url":"https://github.com/snsf-data/datastory_preliminary_funding_in_2021","doi":"10.5281/zenodo.6022479"}]
